name,size,value
/home/me/documents/cleaning_meeting_with_Mark_2018-4-1.txt,0.313933,0.190338
/home/me/documents/map_call_with_Mark_2019-5-24.xlsx,0.137232,0.850028
/home/me/documents/work_note_with_Anne_2022-2-25.xlsx,0.112582,0.706788
/home/me/documents/cleaning_invite_at_night_2021-6-25.xlsx,0.386335,0.767332
/home/me/documents/writing_schedule_at_office_2022-7-13.xlsx,0.455658,0.614657
/home/me/documents/club_date_at_night_2021-9-14.docx,0.055431,0.954459
/home/me/documents/flower_invite_with_Anne_2018-8-28.txt,0.594548,0.250841
/home/me/documents/club_idea_with_Anne_2019-1-19.docx,0.579806,0.524577
/home/me/documents/running_meeting_in_the_morning_2020-4-13.md,0.747352,0.663878
/home/me/documents/writing_experience_at_night_2019-2-6.docx,0.710969,0.047186
/home/me/documents/planning_invite_with_Mark_2021-10-30.docx,0.413287,0.648989
/home/me/documents/club_thought_with_Mark_2019-4-1.xlsx,0.347215,0.433685
/home/me/documents/running_date_with_Anne_2022-1-23.xlsx,0.621642,0.442774
/home/me/documents/club_thought_at_office_2019-7-15.xlsx,0.627908,0.195617
/home/me/documents/writing_meeting_with_Anne_2021-11-25.xlsx,0.482951,0.440808
/home/me/documents/work_idea_with_Anne_2022-6-30.xlsx,0.873842,0.984481
/home/me/documents/planning_schedule_at_night_2019-9-26.docx,0.274484,0.559496
/home/me/documents/work_idea_with_Mark_2019-4-19.docx,0.759867,0.826343
/home/me/documents/planning_invite_at_night_2021-5-28.xlsx,0.480797,0.647588
/home/me/documents/writing_invite_with_Mark_2022-1-8.xlsx,0.771041,0.545609
/home/me/documents/club_thought_with_Mark_2022-2-1.md,0.609972,0.38283
/home/me/documents/cooking_idea_with_Mark_2021-11-27.txt,0.233903,0.654713
/home/me/documents/flower_thought_with_Anne_2022-7-6.xlsx,0.923557,0.421814
/home/me/documents/cleaning_invite_at_night_2021-12-25.md,0.51095,0.728742
/home/me/documents/work_call_at_office_2022-9-28.txt,0.116204,0.451488
/home/me/documents/map_call_in_the_morning_2019-9-29.md,0.97379,0.682777
/home/me/documents/map_thought_with_Anne_2018-5-15.xlsx,0.135065,0.924891
/home/me/documents/planning_note_with_Mark_2020-3-16.txt,0.469471,0.023772
/home/me/documents/cooking_date_at_office_2020-5-23.txt,0.477951,0.208978
/home/me/documents/work_call_with_Mark_2022-12-22.txt,0.232383,0.43267
/home/me/documents/map_meeting_with_Anne_2022-1-25.md,0.959724,0.006701
/home/me/documents/cooking_invite_with_Mark_2018-6-7.xlsx,0.338016,0.199898
/home/me/documents/club_idea_with_Anne_2022-6-27.xlsx,0.378244,0.134493
/home/me/documents/writing_schedule_in_the_morning_2020-1-22.xlsx,0.241928,0.236497
/home/me/documents/running_experience_at_office_2022-8-19.txt,0.966512,0.985186
/home/me/documents/cooking_schedule_with_Mark_2019-8-16.xlsx,0.232147,0.75795
/home/me/documents/map_meeting_at_night_2019-11-23.docx,0.27412,0.148781
/home/me/documents/map_note_at_office_2018-5-28.md,0.658912,0.945811
/home/me/documents/club_date_with_Anne_2018-6-24.xlsx,0.578263,0.349228
/home/me/documents/map_idea_at_night_2022-10-28.docx,0.3113,0.928933
/home/me/documents/map_note_at_night_2018-1-14.md,0.383407,0.378164
/home/me/documents/work_experience_at_office_2020-5-25.xlsx,0.055697,0.552774
/home/me/documents/planning_schedule_in_the_morning_2018-9-14.docx,0.728365,0.16331
/home/me/documents/cooking_note_in_the_morning_2020-5-24.md,0.352166,0.957291
/home/me/documents/running_date_at_office_2021-12-28.xlsx,0.995723,0.394824
/home/me/documents/club_invite_at_night_2020-8-9.docx,0.475548,0.04552
/home/me/documents/planning_experience_with_Mark_2020-8-16.md,0.162884,0.707968
/home/me/documents/club_note_in_the_morning_2019-10-10.txt,0.764593,0.355313
/home/me/documents/club_experience_at_night_2021-11-22.xlsx,0.258654,0.159398
/home/me/documents/running_call_with_Anne_2019-6-11.md,0.601493,0.137236
/home/me/documents/map_experience_with_Mark_2020-7-15.docx,0.859711,0.503902
/home/me/documents/club_thought_with_Mark_2018-9-11.docx,0.098607,0.504999
/home/me/documents/club_meeting_at_night_2020-2-22.md,0.602928,0.511318
/home/me/documents/map_thought_with_Anne_2019-5-3.xlsx,0.273422,0.281533
/home/me/documents/flower_invite_at_office_2019-2-20.txt,0.955354,0.839072
/home/me/documents/cooking_date_with_Anne_2019-7-17.md,0.376624,0.34283
/home/me/documents/planning_experience_in_the_morning_2022-3-10.docx,0.599397,0.26297
/home/me/documents/map_schedule_in_the_morning_2020-5-20.md,0.537483,0.246851
/home/me/documents/flower_thought_in_the_morning_2020-9-29.md,0.597639,0.686073
/home/me/documents/cooking_call_in_the_morning_2018-4-11.docx,0.173227,0.004721
/home/me/documents/work_call_with_Anne_2020-12-11.txt,0.082681,0.289436
/home/me/documents/planning_date_with_Mark_2019-8-30.docx,0.277939,0.172765
/home/me/documents/writing_experience_at_office_2020-2-17.md,0.092731,0.585567
/home/me/documents/cleaning_thought_with_Anne_2020-2-19.docx,0.966818,0.230845
/home/me/documents/cleaning_meeting_with_Mark_2018-2-7.md,0.116793,0.302831
/home/me/documents/running_invite_at_night_2022-6-6.xlsx,0.122378,0.62059
/home/me/documents/work_meeting_with_Mark_2022-2-1.xlsx,0.405691,0.232179
/home/me/documents/cooking_thought_at_office_2022-3-29.txt,0.375043,0.504667
/home/me/documents/club_schedule_with_Mark_2018-4-26.txt,0.161368,0.201292
/home/me/documents/flower_invite_at_office_2022-4-3.md,0.134395,0.4631
/home/me/documents/work_idea_at_night_2021-11-28.md,0.387492,0.08924
/home/me/documents/cooking_call_with_Anne_2021-1-17.txt,0.955423,0.313411
/home/me/documents/work_call_in_the_morning_2020-9-6.txt,0.309026,0.659345
/home/me/documents/map_call_at_office_2022-6-11.docx,0.134455,0.39822
/home/me/documents/flower_call_with_Mark_2019-11-14.xlsx,0.54749,0.239334
/home/me/documents/planning_invite_in_the_morning_2021-11-20.md,0.394171,0.907486
/home/me/documents/writing_invite_at_office_2018-2-1.txt,0.812421,0.580816
/home/me/documents/writing_meeting_with_Mark_2019-12-24.docx,0.484814,0.974211
/home/me/documents/cooking_note_in_the_morning_2020-8-9.md,0.982292,0.548215
/home/me/documents/flower_idea_with_Mark_2021-9-27.xlsx,0.014055,0.646274
/home/me/documents/work_meeting_with_Mark_2021-3-21.md,0.721572,0.920743
/home/me/documents/cleaning_invite_with_Anne_2019-4-15.xlsx,0.850668,0.284891
/home/me/documents/work_call_at_night_2021-11-6.docx,0.659299,0.852763
/home/me/documents/cooking_meeting_with_Mark_2022-5-8.md,0.900225,0.238249
/home/me/documents/work_idea_at_office_2019-9-10.docx,0.10399,0.471804
/home/me/documents/map_invite_at_office_2022-1-19.txt,0.251827,0.560808
/home/me/documents/club_note_with_Mark_2018-1-30.docx,0.374189,0.529898
/home/me/documents/club_experience_at_office_2022-5-29.txt,0.086552,0.064437
/home/me/documents/flower_schedule_at_night_2021-9-2.txt,0.937123,0.421504
/home/me/documents/writing_invite_with_Anne_2018-8-11.xlsx,0.97227,0.44255
/home/me/documents/flower_invite_with_Mark_2018-12-8.xlsx,0.1986,0.538175
/home/me/documents/work_experience_with_Anne_2022-5-12.docx,0.85324,0.188749
/home/me/documents/map_call_in_the_morning_2020-12-29.md,0.844267,0.983491
/home/me/documents/map_experience_at_night_2020-6-7.docx,0.022006,0.191362
/home/me/documents/club_invite_at_night_2021-1-18.md,0.788405,0.943794
/home/me/documents/cooking_note_in_the_morning_2021-9-8.docx,0.275669,0.333397
/home/me/documents/writing_note_with_Anne_2018-7-7.txt,0.519978,0.795492
/home/me/documents/map_invite_in_the_morning_2022-9-8.docx,0.109835,0.983005
/home/me/documents/flower_date_at_night_2021-11-27.xlsx,0.987502,0.326021
/home/me/documents/planning_thought_at_office_2019-4-20.md,0.357017,0.939226
/home/me/documents/cleaning_thought_at_night_2022-11-23.docx,0.736656,0.961483
/home/me/documents/flower_idea_in_the_morning_2021-8-2.md,0.738506,0.201938
/home/me/documents/flower_thought_at_night_2019-7-9.docx,0.524082,0.76858
/home/me/documents/writing_note_with_Mark_2020-9-22.xlsx,0.965863,0.150893
/home/me/documents/work_thought_at_night_2019-3-22.docx,0.058012,0.367137
/home/me/documents/planning_schedule_in_the_morning_2019-7-23.txt,0.617181,0.202329
/home/me/documents/cleaning_meeting_with_Mark_2020-2-8.txt,0.806566,0.071731
/home/me/documents/planning_schedule_at_office_2018-11-28.txt,0.57357,0.512333
/home/me/documents/running_experience_at_night_2019-4-21.md,0.365177,0.395376
/home/me/documents/cooking_date_with_Mark_2021-9-21.xlsx,0.49913,0.549463
/home/me/documents/map_date_at_office_2019-5-6.md,0.531375,0.906536
/home/me/documents/cleaning_date_at_night_2020-6-29.md,0.73537,0.617499
/home/me/documents/writing_experience_with_Anne_2022-10-13.txt,0.319627,0.41934
/home/me/documents/flower_call_at_night_2018-11-11.docx,0.339711,0.467633
/home/me/documents/cleaning_idea_in_the_morning_2022-1-18.txt,0.638232,0.628911
/home/me/documents/flower_date_at_office_2021-3-8.md,0.751523,0.894936
/home/me/documents/club_date_at_night_2021-5-1.docx,0.3119,0.151623
/home/me/documents/flower_thought_with_Anne_2022-7-3.md,0.406073,0.730852
/home/me/documents/cleaning_note_with_Mark_2019-11-30.md,0.488643,0.679079
/home/me/documents/flower_idea_at_night_2018-12-19.txt,0.894602,0.344738
/home/me/documents/cooking_date_at_night_2022-3-10.md,0.368911,0.914686
/home/me/documents/running_experience_with_Anne_2020-4-24.md,0.697386,0.506287
/home/me/documents/running_note_with_Mark_2022-7-10.txt,0.780488,0.172976
/home/me/documents/running_idea_with_Mark_2019-12-23.docx,0.710954,0.813979
/home/me/documents/cleaning_thought_with_Anne_2018-2-9.md,0.273792,0.56539
/home/me/documents/writing_experience_in_the_morning_2022-9-15.xlsx,0.770825,0.487145
/home/me/documents/map_date_in_the_morning_2018-4-13.txt,0.842004,0.129375
/home/me/documents/planning_schedule_in_the_morning_2019-9-12.txt,0.091749,0.829898
/home/me/documents/writing_date_with_Anne_2022-8-5.md,0.658288,0.233923
/home/me/documents/map_call_with_Anne_2022-8-14.txt,0.410039,0.274473
/home/me/documents/cooking_thought_with_Mark_2021-10-26.xlsx,0.399035,0.795394
/home/me/documents/cooking_thought_at_office_2022-12-30.md,0.365336,0.079848
/home/me/documents/work_date_with_Mark_2020-2-14.xlsx,0.84401,0.508002
/home/me/documents/work_experience_in_the_morning_2020-1-20.txt,0.67291,0.118079
/home/me/documents/cooking_date_at_office_2021-7-25.txt,0.756112,0.487856
/home/me/documents/map_date_with_Anne_2019-11-20.txt,0.312206,0.922395
/home/me/documents/club_call_at_night_2022-11-6.docx,0.198927,0.432441
/home/me/documents/running_call_at_office_2022-7-2.md,0.468884,0.669274
/home/me/documents/planning_invite_with_Anne_2022-8-20.docx,0.14532,0.454861
/home/me/documents/planning_schedule_in_the_morning_2018-12-29.txt,0.92683,0.248027
/home/me/documents/work_experience_at_office_2021-5-26.md,0.487596,0.907945
/home/me/documents/writing_meeting_with_Mark_2020-7-10.xlsx,0.490421,0.29461
/home/me/documents/running_schedule_at_night_2022-11-28.txt,0.311872,0.230977
/home/me/documents/map_call_at_night_2019-4-25.txt,0.18177,0.74261
/home/me/documents/planning_call_at_office_2019-11-16.docx,0.757723,0.744714
/home/me/documents/cleaning_thought_at_night_2019-7-23.xlsx,0.527546,0.365175
/home/me/documents/cleaning_date_at_night_2019-5-26.md,0.445304,0.411408
/home/me/documents/cleaning_note_with_Mark_2019-10-11.md,0.679747,0.352083
/home/me/documents/running_thought_at_night_2021-7-4.md,0.061447,0.364047
/home/me/documents/work_meeting_in_the_morning_2020-6-6.xlsx,0.191531,0.338634
/home/me/documents/map_idea_in_the_morning_2022-2-14.xlsx,0.778129,0.703544
/home/me/documents/flower_note_in_the_morning_2022-4-16.md,0.750246,0.535921
/home/me/documents/work_thought_at_night_2019-6-30.docx,0.647965,0.332115
/home/me/documents/club_meeting_in_the_morning_2022-2-17.txt,0.912338,0.62447
/home/me/documents/work_date_with_Mark_2020-11-3.md,0.281869,0.020946
/home/me/documents/writing_call_at_night_2018-6-9.xlsx,0.055008,0.148342
/home/me/documents/cooking_note_in_the_morning_2021-8-31.txt,0.378106,0.631353
/home/me/documents/cleaning_idea_in_the_morning_2022-4-18.md,0.429673,0.525539
/home/me/documents/planning_idea_in_the_morning_2020-2-4.docx,0.405315,0.506653
/home/me/documents/running_invite_in_the_morning_2019-5-3.docx,0.691401,0.23833
/home/me/documents/running_call_in_the_morning_2022-5-25.docx,0.06666,0.267708
/home/me/documents/cooking_schedule_at_night_2019-6-13.xlsx,0.689168,0.803951
/home/me/documents/flower_note_in_the_morning_2022-8-11.md,0.425077,0.410954
/home/me/documents/club_thought_at_office_2019-5-14.txt,0.335455,0.618073
/home/me/documents/planning_date_at_office_2021-5-12.txt,0.357133,0.482801
/home/me/documents/flower_idea_in_the_morning_2020-8-27.md,0.793147,0.567138
/home/me/documents/club_idea_in_the_morning_2019-9-11.docx,0.443099,0.813329
/home/me/documents/writing_idea_with_Anne_2018-8-15.xlsx,0.803159,0.219306
/home/me/documents/writing_thought_in_the_morning_2020-8-12.txt,0.143543,0.065867
/home/me/documents/map_invite_at_night_2018-8-12.txt,0.958921,0.144417
/home/me/documents/club_note_at_night_2021-7-30.xlsx,0.574171,0.879844
/home/me/documents/club_idea_at_office_2020-12-17.txt,0.601141,0.922606
/home/me/documents/cooking_call_at_night_2021-4-27.xlsx,0.772893,0.043856
/home/me/documents/cooking_thought_in_the_morning_2018-9-25.txt,0.560084,0.536563
/home/me/documents/cleaning_invite_with_Mark_2019-5-25.xlsx,0.318558,0.917595
/home/me/documents/map_schedule_with_Anne_2021-10-31.xlsx,0.958955,0.255966
/home/me/documents/planning_note_with_Mark_2020-1-10.docx,0.503125,0.635043
/home/me/documents/cleaning_idea_with_Mark_2020-1-23.md,0.497386,0.256008
/home/me/documents/cleaning_call_with_Mark_2021-6-21.md,0.901406,0.507726
/home/me/documents/cooking_invite_with_Anne_2018-6-28.txt,0.091063,0.492557
/home/me/documents/cleaning_experience_with_Mark_2019-11-16.docx,0.679426,0.225628
/home/me/documents/club_schedule_at_office_2020-10-1.txt,0.933646,0.673196
/home/me/documents/running_invite_with_Mark_2021-8-16.docx,0.874467,0.25568
/home/me/documents/cooking_note_at_night_2021-5-10.md,0.879657,0.338238
/home/me/documents/writing_idea_at_office_2019-3-2.txt,0.113513,0.276716
/home/me/documents/cooking_note_at_office_2018-1-18.xlsx,0.446107,0.754857
/home/me/documents/running_call_with_Anne_2022-10-22.docx,0.247947,0.634327
/home/me/documents/flower_idea_at_office_2022-12-17.md,0.329533,0.288839
/home/me/documents/writing_date_at_night_2020-6-4.md,0.483627,0.743759
/home/me/documents/writing_meeting_at_night_2019-11-2.docx,0.758123,0.744814
/home/me/documents/flower_experience_in_the_morning_2018-7-13.txt,0.214842,0.783939
/home/me/documents/flower_date_at_night_2020-8-4.md,0.302182,0.928218
/home/me/documents/work_invite_at_office_2020-8-6.txt,0.968424,0.655133
/home/me/documents/planning_invite_with_Mark_2020-12-3.md,0.20314,0.228658
/home/me/documents/cleaning_note_at_office_2022-1-5.xlsx,0.978268,0.96689
/home/me/documents/cleaning_thought_with_Mark_2019-2-1.md,0.44259,0.55479
/home/me/documents/flower_experience_with_Mark_2021-2-6.xlsx,0.429124,0.589452
/home/me/documents/writing_date_at_office_2019-2-23.docx,0.200513,0.693683
/home/me/documents/running_invite_in_the_morning_2018-1-11.docx,0.29225,0.871597
/home/me/documents/writing_date_with_Mark_2021-4-1.xlsx,0.722729,0.583716
/home/me/pictures/vacation_spain_2019-07-12_0.jpeg,9.184205,0.256652
/home/me/pictures/vacation_spain_2019-07-12_1.jpeg,0.866058,0.256328
/home/me/pictures/vacation_spain_2019-07-12_2.jpeg,2.62152,0.167258
/home/me/pictures/vacation_spain_2019-07-12_3.jpeg,9.315453,0.042818
/home/me/pictures/vacation_spain_2019-07-12_4.jpeg,3.02541,0.73524
/home/me/pictures/vacation_spain_2019-07-12_5.jpeg,5.115795,0.046661
/home/me/pictures/vacation_spain_2019-07-12_6.jpeg,0.974119,0.192508
/home/me/pictures/vacation_spain_2019-07-12_7.jpeg,1.867815,0.928805
/home/me/pictures/vacation_spain_2019-07-12_8.jpeg,4.125011,0.190663
/home/me/pictures/vacation_spain_2019-07-12_9.jpeg,2.360254,0.204044
/home/me/pictures/vacation_spain_2019-07-13_0.jpeg,8.248739,0.345614
/home/me/pictures/vacation_spain_2019-07-13_1.jpeg,9.58656,0.034215
/home/me/pictures/vacation_spain_2019-07-13_2.jpeg,7.174627,0.97529
/home/me/pictures/vacation_spain_2019-07-13_3.jpeg,7.279528,0.206389
/home/me/pictures/vacation_spain_2019-07-13_4.jpeg,0.889255,0.22008
/home/me/pictures/vacation_spain_2019-07-13_5.jpeg,2.615567,0.346558
/home/me/pictures/vacation_spain_2019-07-13_6.jpeg,8.539424,0.589399
/home/me/pictures/vacation_spain_2019-07-13_7.jpeg,5.452008,0.103735
/home/me/pictures/vacation_spain_2019-07-13_8.jpeg,8.215866,0.894205
/home/me/pictures/vacation_spain_2019-07-13_9.jpeg,6.284198,0.272168
/home/me/pictures/vacation_spain_2019-07-14_0.jpeg,9.566391,0.055763
/home/me/pictures/vacation_spain_2019-07-14_1.jpeg,0.92874,0.095953
/home/me/pictures/vacation_spain_2019-07-14_2.jpeg,4.816149,0.360405
/home/me/pictures/vacation_spain_2019-07-14_3.jpeg,3.255812,0.529824
/home/me/pictures/vacation_spain_2019-07-14_4.jpeg,0.050468,0.481903
/home/me/pictures/vacation_spain_2019-07-14_5.jpeg,0.194103,0.719336
/home/me/pictures/vacation_spain_2019-07-14_6.jpeg,5.153945,0.145789
/home/me/pictures/vacation_spain_2019-07-14_7.jpeg,3.429752,0.635281
/home/me/pictures/vacation_spain_2019-07-14_8.jpeg,4.910962,0.637407
/home/me/pictures/vacation_spain_2019-07-14_9.jpeg,2.134672,0.023043
/home/me/pictures/vacation_spain_2019-07-15_0.jpeg,3.098783,0.554172
/home/me/pictures/vacation_spain_2019-07-15_1.jpeg,9.432091,0.85223
/home/me/pictures/vacation_spain_2019-07-15_2.jpeg,2.552081,0.846469
/home/me/pictures/vacation_spain_2019-07-15_3.jpeg,3.748083,0.716655
/home/me/pictures/vacation_spain_2019-07-15_4.jpeg,7.032472,0.744159
/home/me/pictures/vacation_spain_2019-07-15_5.jpeg,0.576821,0.651846
/home/me/pictures/vacation_spain_2019-07-15_6.jpeg,3.340213,0.499738
/home/me/pictures/vacation_spain_2019-07-15_7.jpeg,5.023088,0.214232
/home/me/pictures/vacation_spain_2019-07-15_8.jpeg,1.31243,0.476928
/home/me/pictures/vacation_spain_2019-07-15_9.jpeg,6.165896,0.641823
/home/me/pictures/vacation_spain_2019-07-16_0.jpeg,0.670235,0.9352
/home/me/pictures/vacation_spain_2019-07-16_1.jpeg,4.283457,0.43395
/home/me/pictures/vacation_spain_2019-07-16_2.jpeg,3.032326,0.914507
/home/me/pictures/vacation_spain_2019-07-16_3.jpeg,9.894708,0.976102
/home/me/pictures/vacation_spain_2019-07-16_4.jpeg,0.160788,0.595917
/home/me/pictures/vacation_spain_2019-07-16_5.jpeg,4.219489,0.775264
/home/me/pictures/vacation_spain_2019-07-16_6.jpeg,9.89739,0.919669
/home/me/pictures/vacation_spain_2019-07-16_7.jpeg,6.679329,0.625817
/home/me/pictures/vacation_spain_2019-07-16_8.jpeg,7.769392,0.261354
/home/me/pictures/vacation_spain_2019-07-16_9.jpeg,7.521013,0.249322
/home/me/pictures/vacation_spain_2019-07-17_0.jpeg,0.662831,0.416044
/home/me/pictures/vacation_spain_2019-07-17_1.jpeg,4.54901,0.435837
/home/me/pictures/vacation_spain_2019-07-17_2.jpeg,0.612069,0.201384
/home/me/pictures/vacation_spain_2019-07-17_3.jpeg,7.297426,0.111167
/home/me/pictures/vacation_spain_2019-07-17_4.jpeg,8.817818,0.376385
/home/me/pictures/vacation_spain_2019-07-17_5.jpeg,1.848461,0.846751
/home/me/pictures/vacation_spain_2019-07-17_6.jpeg,7.997554,0.216702
/home/me/pictures/vacation_spain_2019-07-17_7.jpeg,6.292293,0.621811
/home/me/pictures/vacation_spain_2019-07-17_8.jpeg,7.496264,0.084253
/home/me/pictures/vacation_spain_2019-07-17_9.jpeg,0.961134,0.500753
/home/me/pictures/vacation_spain_2019-07-18_0.jpeg,6.394348,0.398807
/home/me/pictures/vacation_spain_2019-07-18_1.jpeg,6.273133,0.492911
/home/me/pictures/vacation_spain_2019-07-18_2.jpeg,8.189837,0.086457
/home/me/pictures/vacation_spain_2019-07-18_3.jpeg,9.416276,0.576813
/home/me/pictures/vacation_spain_2019-07-18_4.jpeg,2.518165,0.607296
/home/me/pictures/vacation_spain_2019-07-18_5.jpeg,4.539611,0.830429
/home/me/pictures/vacation_spain_2019-07-18_6.jpeg,7.917414,0.267379
/home/me/pictures/vacation_spain_2019-07-18_7.jpeg,2.344678,0.90815
/home/me/pictures/vacation_spain_2019-07-18_8.jpeg,1.447705,0.433763
/home/me/pictures/vacation_spain_2019-07-18_9.jpeg,7.881963,0.163
/home/me/pictures/christmas_2021-12-12_0.jpeg,8.39242,0.521598
/home/me/pictures/christmas_2021-12-12_1.jpeg,5.165286,0.246347
/home/me/pictures/christmas_2021-12-12_2.jpeg,6.971026,0.523932
/home/me/pictures/christmas_2021-12-12_3.jpeg,4.943892,0.787614
/home/me/pictures/christmas_2021-12-12_4.jpeg,1.297728,0.224247
/home/me/pictures/christmas_2021-12-12_5.jpeg,6.357146,0.405778
/home/me/pictures/christmas_2021-12-12_6.jpeg,9.465436,0.212997
/home/me/pictures/christmas_2021-12-12_7.jpeg,0.98179,0.787541
/home/me/pictures/christmas_2021-12-12_8.jpeg,0.670036,0.511376
/home/me/pictures/christmas_2021-12-12_9.jpeg,1.509384,0.604552
/home/me/pictures/christmas_2021-12-13_0.jpeg,2.442006,0.41699
/home/me/pictures/christmas_2021-12-13_1.jpeg,8.625807,0.688201
/home/me/pictures/christmas_2021-12-13_2.jpeg,9.059945,0.792704
/home/me/pictures/christmas_2021-12-13_3.jpeg,6.265003,0.012814
/home/me/pictures/christmas_2021-12-13_4.jpeg,8.425335,0.276333
/home/me/pictures/christmas_2021-12-13_5.jpeg,9.58433,0.636939
/home/me/pictures/christmas_2021-12-13_6.jpeg,2.12763,0.402764
/home/me/pictures/christmas_2021-12-13_7.jpeg,4.852037,0.643265
/home/me/pictures/christmas_2021-12-13_8.jpeg,3.442665,0.547001
/home/me/pictures/christmas_2021-12-13_9.jpeg,4.923658,0.798746
/home/me/pictures/christmas_2021-12-14_0.jpeg,9.909283,0.772908
/home/me/pictures/christmas_2021-12-14_1.jpeg,9.885358,0.868154
/home/me/pictures/christmas_2021-12-14_2.jpeg,3.965147,0.965932
/home/me/pictures/christmas_2021-12-14_3.jpeg,0.620759,0.30547
/home/me/pictures/christmas_2021-12-14_4.jpeg,8.33703,0.261664
/home/me/pictures/christmas_2021-12-14_5.jpeg,4.573234,0.954744
/home/me/pictures/christmas_2021-12-14_6.jpeg,2.654768,0.621713
/home/me/pictures/christmas_2021-12-14_7.jpeg,7.911233,0.846055
/home/me/pictures/christmas_2021-12-14_8.jpeg,3.185669,0.125173
/home/me/pictures/christmas_2021-12-14_9.jpeg,4.225808,0.185342
/home/me/pictures/christmas_2021-12-15_0.jpeg,2.368404,0.203434
/home/me/pictures/christmas_2021-12-15_1.jpeg,1.319926,0.134276
/home/me/pictures/christmas_2021-12-15_2.jpeg,2.314256,0.638851
/home/me/pictures/christmas_2021-12-15_3.jpeg,5.092706,0.902135
/home/me/pictures/christmas_2021-12-15_4.jpeg,7.066824,0.559524
/home/me/pictures/christmas_2021-12-15_5.jpeg,1.453577,0.205302
/home/me/pictures/christmas_2021-12-15_6.jpeg,0.25488,0.561327
/home/me/pictures/christmas_2021-12-15_7.jpeg,7.591832,0.820769
/home/me/pictures/christmas_2021-12-15_8.jpeg,8.9622,0.854618
/home/me/pictures/christmas_2021-12-15_9.jpeg,7.111588,0.331416
/home/me/pictures/christmas_2021-12-16_0.jpeg,5.686213,0.268427
/home/me/pictures/christmas_2021-12-16_1.jpeg,5.558409,0.948405
/home/me/pictures/christmas_2021-12-16_2.jpeg,0.92713,0.839825
/home/me/pictures/christmas_2021-12-16_3.jpeg,0.012524,0.849167
/home/me/pictures/christmas_2021-12-16_4.jpeg,1.583031,0.26056
/home/me/pictures/christmas_2021-12-16_5.jpeg,4.653567,0.721594
/home/me/pictures/christmas_2021-12-16_6.jpeg,8.213105,0.317779
/home/me/pictures/christmas_2021-12-16_7.jpeg,2.522566,0.610739
/home/me/pictures/christmas_2021-12-16_8.jpeg,9.996495,0.043498
/home/me/pictures/christmas_2021-12-16_9.jpeg,4.401863,0.648242
/home/me/pictures/christmas_2021-12-17_0.jpeg,7.510341,0.044303
/home/me/pictures/christmas_2021-12-17_1.jpeg,7.009689,0.909958
/home/me/pictures/christmas_2021-12-17_2.jpeg,4.794661,0.751634
/home/me/pictures/christmas_2021-12-17_3.jpeg,8.275154,0.384256
/home/me/pictures/christmas_2021-12-17_4.jpeg,1.515214,0.612989
/home/me/pictures/christmas_2021-12-17_5.jpeg,9.143372,0.343712
/home/me/pictures/christmas_2021-12-17_6.jpeg,6.343877,0.971981
/home/me/pictures/christmas_2021-12-17_7.jpeg,0.511011,0.875704
/home/me/pictures/christmas_2021-12-17_8.jpeg,5.137744,0.605748
/home/me/pictures/christmas_2021-12-17_9.jpeg,4.34302,0.494759
/home/me/pictures/christmas_2021-12-18_0.jpeg,2.590805,0.317232
/home/me/pictures/christmas_2021-12-18_1.jpeg,6.879301,0.884012
/home/me/pictures/christmas_2021-12-18_2.jpeg,9.484816,0.174793
/home/me/pictures/christmas_2021-12-18_3.jpeg,7.562677,0.401426
/home/me/pictures/christmas_2021-12-18_4.jpeg,4.039808,0.45082
/home/me/pictures/christmas_2021-12-18_5.jpeg,4.464085,0.26401
/home/me/pictures/christmas_2021-12-18_6.jpeg,4.246631,0.798857
/home/me/pictures/christmas_2021-12-18_7.jpeg,6.708743,0.35371
/home/me/pictures/christmas_2021-12-18_8.jpeg,1.195087,0.091122
/home/me/pictures/christmas_2021-12-18_9.jpeg,3.502769,0.296793
/home/me/pictures/birthdays-2020-04-12_0.jpeg,1.789043,0.767729
/home/me/pictures/birthdays-2020-04-12_1.jpeg,3.167757,0.671211
/home/me/pictures/birthdays-2020-04-12_2.jpeg,9.211142,0.119603
/home/me/pictures/birthdays-2020-04-12_3.jpeg,3.750145,0.244905
/home/me/pictures/birthdays-2020-04-12_4.jpeg,1.623633,0.516215
/home/me/pictures/birthdays-2020-04-12_5.jpeg,4.497298,0.302164
/home/me/pictures/birthdays-2020-04-12_6.jpeg,6.630146,0.519773
/home/me/pictures/birthdays-2020-04-12_7.jpeg,0.954202,0.081525
/home/me/pictures/birthdays-2020-04-12_8.jpeg,2.859302,0.096831
/home/me/pictures/birthdays-2020-04-12_9.jpeg,6.070149,0.515164
/home/me/pictures/birthdays-2020-04-13_0.jpeg,0.99556,0.781792
/home/me/pictures/birthdays-2020-04-13_1.jpeg,3.931425,0.634114
/home/me/pictures/birthdays-2020-04-13_2.jpeg,0.083794,0.393268
/home/me/pictures/birthdays-2020-04-13_3.jpeg,9.715432,0.450917
/home/me/pictures/birthdays-2020-04-13_4.jpeg,3.922958,0.898636
/home/me/pictures/birthdays-2020-04-13_5.jpeg,3.210349,0.210127
/home/me/pictures/birthdays-2020-04-13_6.jpeg,9.6074,0.339748
/home/me/pictures/birthdays-2020-04-13_7.jpeg,3.511083,0.081537
/home/me/pictures/birthdays-2020-04-13_8.jpeg,7.76726,0.42972
/home/me/pictures/birthdays-2020-04-13_9.jpeg,1.12759,0.546957
/home/me/pictures/birthdays-2020-04-14_0.jpeg,2.167433,0.927564
/home/me/pictures/birthdays-2020-04-14_1.jpeg,1.479742,0.676675
/home/me/pictures/birthdays-2020-04-14_2.jpeg,5.975918,0.104321
/home/me/pictures/birthdays-2020-04-14_3.jpeg,9.533613,0.46683
/home/me/pictures/birthdays-2020-04-14_4.jpeg,8.973596,0.692828
/home/me/pictures/birthdays-2020-04-14_5.jpeg,6.252088,0.265107
/home/me/pictures/birthdays-2020-04-14_6.jpeg,8.838143,0.096795
/home/me/pictures/birthdays-2020-04-14_7.jpeg,5.149637,0.166911
/home/me/pictures/birthdays-2020-04-14_8.jpeg,5.905254,0.451969
/home/me/pictures/birthdays-2020-04-14_9.jpeg,9.254237,0.511502
/home/me/pictures/birthdays-2020-04-15_0.jpeg,5.682644,0.17011
/home/me/pictures/birthdays-2020-04-15_1.jpeg,1.919822,0.043735
/home/me/pictures/birthdays-2020-04-15_2.jpeg,6.492597,0.696812
/home/me/pictures/birthdays-2020-04-15_3.jpeg,4.307925,0.421156
/home/me/pictures/birthdays-2020-04-15_4.jpeg,6.403752,0.358201
/home/me/pictures/birthdays-2020-04-15_5.jpeg,0.769094,0.610086
/home/me/pictures/birthdays-2020-04-15_6.jpeg,7.138788,0.78287
/home/me/pictures/birthdays-2020-04-15_7.jpeg,3.468673,0.202081
/home/me/pictures/birthdays-2020-04-15_8.jpeg,1.285977,0.895458
/home/me/pictures/birthdays-2020-04-15_9.jpeg,1.741086,0.133904
/home/me/pictures/birthdays-2020-04-16_0.jpeg,8.036527,0.74679
/home/me/pictures/birthdays-2020-04-16_1.jpeg,6.717537,0.787892
/home/me/pictures/birthdays-2020-04-16_2.jpeg,7.193853,0.586836
/home/me/pictures/birthdays-2020-04-16_3.jpeg,9.997308,0.313541
/home/me/pictures/birthdays-2020-04-16_4.jpeg,9.527151,0.374062
/home/me/pictures/birthdays-2020-04-16_5.jpeg,3.330103,0.052412
/home/me/pictures/birthdays-2020-04-16_6.jpeg,3.104006,0.438479
/home/me/pictures/birthdays-2020-04-16_7.jpeg,5.406978,0.285809
/home/me/pictures/birthdays-2020-04-16_8.jpeg,4.481583,0.292931
/home/me/pictures/birthdays-2020-04-16_9.jpeg,0.10049,0.555432
/home/me/pictures/birthdays-2020-04-17_0.jpeg,3.728849,0.860663
/home/me/pictures/birthdays-2020-04-17_1.jpeg,1.01155,0.836659
/home/me/pictures/birthdays-2020-04-17_2.jpeg,4.767481,0.845787
/home/me/pictures/birthdays-2020-04-17_3.jpeg,6.206781,0.149375
/home/me/pictures/birthdays-2020-04-17_4.jpeg,6.687116,0.81138
/home/me/pictures/birthdays-2020-04-17_5.jpeg,0.046059,0.319633
/home/me/pictures/birthdays-2020-04-17_6.jpeg,5.318984,0.071672
/home/me/pictures/birthdays-2020-04-17_7.jpeg,0.87735,0.337222
/home/me/pictures/birthdays-2020-04-17_8.jpeg,7.918817,0.76209
/home/me/pictures/birthdays-2020-04-17_9.jpeg,0.567539,0.359257
/home/me/pictures/birthdays-2020-04-18_0.jpeg,3.932895,0.34523
/home/me/pictures/birthdays-2020-04-18_1.jpeg,5.430786,0.612155
/home/me/pictures/birthdays-2020-04-18_2.jpeg,0.879791,0.318243
/home/me/pictures/birthdays-2020-04-18_3.jpeg,6.662554,0.407667
/home/me/pictures/birthdays-2020-04-18_4.jpeg,7.353354,0.285415
/home/me/pictures/birthdays-2020-04-18_5.jpeg,9.911164,0.908857
/home/me/pictures/birthdays-2020-04-18_6.jpeg,1.184616,0.898475
/home/me/pictures/birthdays-2020-04-18_7.jpeg,1.289614,0.33811
/home/me/pictures/birthdays-2020-04-18_8.jpeg,1.079725,0.955687
/home/me/pictures/birthdays-2020-04-18_9.jpeg,2.057824,0.606805
/home/me/videos/vacation_spain_2019-07-12_0.mp4,12.002826,2.300532
/home/me/videos/vacation_spain_2019-07-12_1.mp4,82.039434,0.587777
/home/me/videos/vacation_spain_2019-07-12_2.mp4,58.266356,2.018213
/home/me/videos/vacation_spain_2019-07-12_3.mp4,63.585393,2.082759
/home/me/videos/vacation_spain_2019-07-14_0.mp4,13.936125,2.807517
/home/me/videos/vacation_spain_2019-07-14_1.mp4,89.880833,2.47232
/home/me/videos/vacation_spain_2019-07-14_2.mp4,56.276614,1.571309
/home/me/videos/vacation_spain_2019-07-14_3.mp4,69.819928,1.964704
/home/me/videos/vacation_spain_2019-07-16_0.mp4,63.225579,2.897281
/home/me/videos/vacation_spain_2019-07-16_1.mp4,4.903515,0.267366
/home/me/videos/vacation_spain_2019-07-16_2.mp4,58.280699,2.436877
/home/me/videos/vacation_spain_2019-07-17_0.mp4,0.769816,1.443256
/home/me/videos/vacation_spain_2019-07-17_1.mp4,2.097684,2.684514
/home/me/videos/vacation_spain_2019-07-17_2.mp4,76.687844,1.593761
/home/me/videos/vacation_spain_2019-07-17_3.mp4,97.840154,0.282778
/home/me/videos/vacation_spain_2019-07-18_0.mp4,28.309498,1.135421
/home/me/videos/vacation_spain_2019-07-18_1.mp4,22.478807,1.280659
/home/me/videos/christmas_2021-12-12_0.mp4,68.863935,1.966316
/home/me/videos/christmas_2021-12-12_1.mp4,46.789661,2.491571
/home/me/videos/christmas_2021-12-12_2.mp4,15.976332,0.98654
/home/me/videos/christmas_2021-12-13_0.mp4,0.73852,2.51143
/home/me/videos/christmas_2021-12-13_1.mp4,52.785908,2.265438
/home/me/videos/christmas_2021-12-15_0.mp4,24.06577,0.15116
/home/me/videos/christmas_2021-12-15_1.mp4,19.777145,2.17521
/home/me/videos/christmas_2021-12-15_2.mp4,56.01847,0.449859
/home/me/videos/christmas_2021-12-16_0.mp4,94.500013,2.702728
/home/me/videos/christmas_2021-12-16_1.mp4,17.349355,1.399009
/home/me/videos/christmas_2021-12-16_2.mp4,10.743485,2.456387
/home/me/videos/christmas_2021-12-17_0.mp4,53.007845,2.408657
/tmp/tmpewlpesnb,0.00297,0.000856
/tmp/tmpnm557gph,0.001637,0.000346
/tmp/tmps63547_z,0.006977,2.8e-05
/tmp/tmpwsiv_8id,0.007424,0.000322
/tmp/tmpy93sphz2,0.006493,0.000957
/tmp/tmpwhv67mn3,0.006443,0.000254
/tmp/tmpwn6_wqmj,0.009397,0.000273
/tmp/tmpo82vxm6b,0.00676,4.8e-05
/tmp/tmpillgk4l8,0.007283,0.000664
/tmp/tmpd69p_svn,0.006551,0.000905
/tmp/tmphsytdusr,0.009861,0.000245
/tmp/tmp0rq5kxu0,0.006627,0.000876
/tmp/tmp2ssu_6ad,0.008704,0.001
/tmp/tmpst_204e3,0.003485,0.000516
/tmp/tmpk2gvdtqd,0.005726,0.00027
/tmp/tmpwcwn_1_8,0.008568,0.000489
/tmp/tmp8rfniykh,0.002907,0.000387
/tmp/tmpbohyu6kz,0.006343,0.000325
/tmp/tmp7pusyygv,0.009265,0.000332
/tmp/tmp4c1hu6es,0.009293,0.00043
/tmp/tmps5eoqrm2,0.003233,0.000523
/tmp/tmpcmr2z2bu,0.005191,0.000966
/tmp/tmp4yssr_7_,0.00378,0.000716
/tmp/tmpd6pc7_i1,0.00702,0.000827
/tmp/tmphe15cryh,0.000822,0.000145
/tmp/tmp2ztxby_9,0.005474,0.000894
/tmp/tmp6i9wzmeg,0.007627,7.4e-05
/tmp/tmp0n819g99,0.005266,5.3e-05
/tmp/tmp186z0o3c,0.001452,0.000181
/tmp/tmpuanu73ei,0.007324,0.0004
/tmp/tmpr_46ylhk,0.005381,0.000644
/tmp/tmp8ravdun1,0.002041,0.000995
/tmp/tmp0r9pjch1,0.002899,0.000752
/tmp/tmpeq6yk5wc,0.001265,1.8e-05
/tmp/tmpymuow48b,0.009084,0.000998
/tmp/tmp47dt0zql,0.009218,0.00021
/tmp/tmp9negzenh,0.006492,0.000713
/tmp/tmpxwjdk4wp,0.000868,0.000835
/tmp/tmplq3395c6,0.006551,0.000584
/tmp/tmp817k614a,0.004924,0.00042
/tmp/tmp1z39usko,0.002992,0.000273
/tmp/tmp3273vzuo,0.003952,0.000562
/tmp/tmp9ugm7dpb,0.003484,0.000508
/tmp/tmpneoxzqob,0.000825,0.000892
/tmp/tmp8s4m7ghe,0.002216,1e-06
/tmp/tmpqy_7sv94,0.008751,0.000947
/tmp/tmptqnvahgs,0.007579,0.000465
/tmp/tmp5goaz6oi,0.005813,0.000295
/tmp/tmpao4r8ke0,0.006937,0.000769
/tmp/tmpz_df002w,0.005463,0.000506
/tmp/tmplrgc97s1,0.003602,0.000617
/tmp/tmp2g597xgc,0.009583,0.000985
/tmp/tmp0jqv47j9,0.007819,0.000107
/tmp/tmpb85bmxj4,0.007198,0.000314
/tmp/tmp9x8gdn7w,0.00978,0.000329
/tmp/tmp183tzxvj,0.004424,0.000815
/tmp/tmpm_5_c19x,0.000229,8.6e-05
/tmp/tmp0v5_e81x,0.009789,3.3e-05
/tmp/tmpcin19ihl,0.005809,0.000965
/tmp/tmpy3_c8yeb,0.00648,0.00056
/tmp/tmpnwvrh9lv,0.003741,0.00048
/tmp/tmpffa6llay,0.00834,0.000488
/tmp/tmpr549u3bn,0.008038,0.000739
/tmp/tmp3ybh2xpk,0.006463,0.000796
/tmp/tmp6vcp6c0w,0.00147,0.000131
/tmp/tmpm3lnztcl,0.003611,0.000847
/tmp/tmp18vcfd1m,0.001271,0.000904
/tmp/tmp5jv814ds,0.002695,0.000562
/tmp/tmpygxo7z1e,0.000806,0.000816
/tmp/tmp0zkd1vp6,0.000749,0.000247
/tmp/tmpjyqo3l5y,0.007407,0.000314
/tmp/tmpjhfmvjw_,0.00417,0.000756
/tmp/tmp7ypibjkx,0.001216,0.000917
/tmp/tmpuntv113h,0.003173,7.6e-05
/tmp/tmp4dbw9zd1,0.007891,0.000288
/tmp/tmpjgh89ap5,0.008795,0.000738
/tmp/tmp087sibd1,0.001544,0.000512
/tmp/tmp59nnrjp_,0.006601,1.1e-05
/tmp/tmpodxf84z1,0.0001,1e-05
/tmp/tmpugbvh_xq,0.009153,0.000482
/tmp/tmpoe8s8o4c,0.0076,0.000162
/tmp/tmpok93x546,0.004736,0.000127
/tmp/tmplcguv1h0,0.001187,0.000399
/tmp/tmpztsn5wtl,0.002374,0.000445
/tmp/tmpxhrvd67z,0.002675,0.000851
/tmp/tmpjg8jw6j7,0.000902,0.000748
/tmp/tmpnkq1eqr3,6.9e-05,0.000593
/tmp/tmpub7xu4rv,0.009371,6.1e-05
/tmp/tmp7c_y08vl,0.002618,0.000122
/tmp/tmp4v_2x2rs,0.005338,0.000208
/tmp/tmpjbtlfwyu,0.005591,7.2e-05
/tmp/tmpj1gj68rg,0.009578,0.000948
/tmp/tmp8l4jhc7k,0.005975,0.000597
/tmp/tmpc5_uzsur,0.001684,0.00092
/tmp/tmp4wnawpby,0.008359,0.00045
/tmp/tmp402qzz0p,0.003143,0.00055
/tmp/tmpsjk_vmuw,0.009812,0.000637
/tmp/tmpaa3shn_z,0.003307,0.000608
/tmp/tmpu_xod4z6,0.000373,0.000849
/tmp/tmpsr0sgl31,0.004498,0.000644
